{
    "keras_f1_score": 0.5297386552919926,
    "scratch_f1_score": 0.5297386552919926,
    "training_history": {
        "loss": [
            1.0345648527145386,
            0.7176076769828796,
            0.313734233379364,
            0.11843202263116837,
            0.03897672891616821,
            0.012519428506493568,
            0.005915054120123386,
            0.0037704268470406532,
            0.0026799545157700777,
            0.0021768833976238966
        ],
        "accuracy": [
            0.4399999976158142,
            0.7360000014305115,
            0.9399999976158142,
            0.9819999933242798,
            0.9940000176429749,
            1.0,
            1.0,
            1.0,
            1.0,
            1.0
        ],
        "val_loss": [
            1.167443871498108,
            1.0932419300079346,
            1.2492417097091675,
            1.2603883743286133,
            1.3267695903778076,
            1.5888950824737549,
            1.571295142173767,
            1.6119953393936157,
            1.6685419082641602,
            1.6936627626419067
        ],
        "val_accuracy": [
            0.4300000071525574,
            0.4000000059604645,
            0.4399999976158142,
            0.4399999976158142,
            0.5199999809265137,
            0.47999998927116394,
            0.4399999976158142,
            0.46000000834465027,
            0.47999998927116394,
            0.46000000834465027
        ]
    }
}