{
    "keras_f1_score": 0.4596990311276026,
    "scratch_f1_score": 0.29869523848545687,
    "training_history": {
        "loss": [
            1.1018579006195068,
            1.0033868551254272,
            0.7950626611709595,
            0.5527047514915466,
            0.35876524448394775,
            0.16100652515888214,
            0.08160281181335449,
            0.050581831485033035,
            0.031999461352825165,
            0.02275448478758335
        ],
        "accuracy": [
            0.371111124753952,
            0.4955555498600006,
            0.742222249507904,
            0.9111111164093018,
            0.9266666769981384,
            0.9866666793823242,
            1.0,
            1.0,
            1.0,
            1.0
        ],
        "val_loss": [
            1.200301170349121,
            1.0592029094696045,
            1.0395143032073975,
            1.094270944595337,
            1.0409572124481201,
            1.1777626276016235,
            1.215392827987671,
            1.2233160734176636,
            1.2642126083374023,
            1.3369899988174438
        ],
        "val_accuracy": [
            0.25999999046325684,
            0.46000000834465027,
            0.46000000834465027,
            0.46000000834465027,
            0.4399999976158142,
            0.4000000059604645,
            0.46000000834465027,
            0.4000000059604645,
            0.4399999976158142,
            0.4399999976158142
        ]
    }
}