{
    "keras_f1_score": 0.38371775424536736,
    "scratch_f1_score": 0.37537432168075124,
    "training_history": {
        "loss": [
            1.026169776916504,
            0.8367557525634766,
            0.6221297383308411,
            0.27352944016456604,
            0.11110078543424606,
            0.0469282902777195,
            0.04541223496198654,
            0.01764456182718277,
            0.008440838195383549,
            0.006324164569377899
        ],
        "accuracy": [
            0.42800000309944153,
            0.6140000224113464,
            0.8579999804496765,
            0.9679999947547913,
            0.984000027179718,
            0.9919999837875366,
            0.9940000176429749,
            0.9980000257492065,
            1.0,
            0.9980000257492065
        ],
        "val_loss": [
            0.9718747735023499,
            1.1117258071899414,
            1.1386173963546753,
            1.2271661758422852,
            1.3341929912567139,
            1.4661351442337036,
            1.6388036012649536,
            1.4417431354522705,
            1.4177370071411133,
            1.649736762046814
        ],
        "val_accuracy": [
            0.5400000214576721,
            0.38999998569488525,
            0.41999998688697815,
            0.41999998688697815,
            0.4300000071525574,
            0.38999998569488525,
            0.3799999952316284,
            0.4699999988079071,
            0.49000000953674316,
            0.46000000834465027
        ]
    }
}