{
    "keras_f1_score": 0.38747447748450087,
    "scratch_f1_score": 0.22766439909297054,
    "training_history": {
        "loss": [
            1.0912724733352661,
            0.972805917263031,
            0.7889904975891113,
            0.5271741151809692,
            0.28298288583755493,
            0.6868391036987305,
            0.2340465635061264,
            0.11492151767015457,
            0.07175144553184509,
            0.05010545253753662
        ],
        "accuracy": [
            0.3933333456516266,
            0.5244444608688354,
            0.7555555701255798,
            0.8733333349227905,
            0.9711111187934875,
            0.6866666674613953,
            0.9622222185134888,
            0.9888888597488403,
            0.9977777600288391,
            1.0
        ],
        "val_loss": [
            1.0107365846633911,
            1.15237557888031,
            1.060093641281128,
            0.9919658899307251,
            1.251030445098877,
            1.0592317581176758,
            0.9883655309677124,
            1.0673266649246216,
            1.1567233800888062,
            1.1834712028503418
        ],
        "val_accuracy": [
            0.47999998927116394,
            0.23999999463558197,
            0.3799999952316284,
            0.5,
            0.4000000059604645,
            0.46000000834465027,
            0.5400000214576721,
            0.46000000834465027,
            0.46000000834465027,
            0.4399999976158142
        ]
    }
}