{
    "keras_f1_score": 0.42218506131549605,
    "scratch_f1_score": 0.13008130081300814,
    "training_history": {
        "loss": [
            1.0631135702133179,
            0.8653737902641296,
            0.6534838080406189,
            0.3962494134902954,
            0.19873590767383575,
            0.10371290147304535,
            0.05416033789515495,
            0.02790592797100544,
            0.02028583735227585,
            0.03954259678721428
        ],
        "accuracy": [
            0.41555556654930115,
            0.6066666841506958,
            0.8399999737739563,
            0.9444444179534912,
            0.9666666388511658,
            0.9888888597488403,
            0.9933333396911621,
            0.9977777600288391,
            1.0,
            0.9911110997200012
        ],
        "val_loss": [
            0.9850153923034668,
            1.0236365795135498,
            0.8757831454277039,
            0.8860843181610107,
            0.870278000831604,
            0.9009028673171997,
            0.9699264764785767,
            1.042876124382019,
            1.3841781616210938,
            1.1160095930099487
        ],
        "val_accuracy": [
            0.5,
            0.3799999952316284,
            0.46000000834465027,
            0.5600000023841858,
            0.5,
            0.5400000214576721,
            0.6000000238418579,
            0.41999998688697815,
            0.5199999809265137,
            0.5
        ]
    }
}